method,path,handler,authentication,authorization_dependency,object_ids,query_params,request_body,object_level_control,response_model,review_status,findings
GET,/api/v1/activity-logs,app/routes/activity_log.py:15:list_activity_logs,Bearer JWT (access),"roles:admin,super_admin",,page;limit;user_id;activity_type;entity_type;entity_id,,Admin/super_admin,ActivityLogList,Reviewed,
GET,/api/v1/applications,app/routes/application.py:57:list_applications,Bearer JWT (access),"roles:admin,admissions,counsellor,student",,page;limit;student_id;counsellor_id;program_id;status;search,,Student: own; counsellor: own-work scope (may_see_record); others: all,ApplicationList,Reviewed,
POST,/api/v1/applications,app/routes/application.py:134:create_application,Bearer JWT (access),"roles:admin,admissions,counsellor",,,payload:ApplicationCreate,Student: own; counsellor: own-work scope (may_see_record); others: all,ApplicationRead,Reviewed,
GET,/api/v1/applications/status-requirements,app/routes/application.py:94:get_status_requirements,Bearer JWT (access),"roles:admin,admissions,counsellor",,,,Student: own; counsellor: own-work scope (may_see_record); others: all,list,Reviewed,
DELETE,/api/v1/applications/{application_id},app/routes/application.py:376:delete_application,Bearer JWT (access),roles:admin,application_id,,,Student: own; counsellor: own-work scope (may_see_record); others: all,ApplicationRead,Reviewed,
GET,/api/v1/applications/{application_id},app/routes/application.py:121:get_application,Bearer JWT (access),"roles:admin,admissions,counsellor,student",application_id,,,Student: own; counsellor: own-work scope (may_see_record); others: all,ApplicationRead,Reviewed,
PATCH,/api/v1/applications/{application_id},app/routes/application.py:361:update_application,Bearer JWT (access),"roles:admin,counsellor",application_id,,payload:ApplicationUpdate,Student: own; counsellor: own-work scope (may_see_record); others: all,ApplicationRead,Reviewed,
POST,/api/v1/applications/{application_id}/accept,app/routes/application.py:158:accept_application_request,Bearer JWT (access),"roles:admin,admissions,counsellor",application_id,,,Student: own; counsellor: own-work scope (may_see_record); others: all,ApplicationRead,Reviewed,
GET,/api/v1/applications/{application_id}/checklist,app/routes/workflow.py:438:list_application_checklist,Bearer JWT (access),any authenticated user,application_id,,,Student: own application; staff roles: any application; child step ids NOT bound to application,list,Reviewed,FAPI-SEC-005
POST,/api/v1/applications/{application_id}/checklist,app/routes/workflow.py:453:create_application_checklist_item,Bearer JWT (access),"roles:admin,admissions,counsellor,super_admin",application_id,,payload:ApplicationChecklistItemCreate,Student: own application; staff roles: any application; child step ids NOT bound to application,ApplicationChecklistItemRead,Reviewed,FAPI-SEC-005
PATCH,/api/v1/applications/{application_id}/checklist/{item_id},app/routes/workflow.py:488:update_application_checklist_item,Bearer JWT (access),any authenticated user,application_id;item_id,,payload:ApplicationChecklistItemUpdate,Student: own application; staff roles: any application; child step ids NOT bound to application,ApplicationChecklistItemRead,Reviewed,FAPI-SEC-002;FAPI-SEC-005
POST,/api/v1/applications/{application_id}/milestone,app/routes/application.py:237:record_application_milestone,Bearer JWT (access),"roles:admin,admissions,counsellor",application_id,,status:ApplicationStatus;remarks:str | None;offer_received_date:str | None;cas_received_date:str | None;visa_decision_date:str | None;offer_type:str | None;cas_number:str | None;tuition_fee:str | None;scholarship_amount:str | None;letter:fastapi.datastructures.UploadFile | None,Student: own; counsellor: own-work scope (may_see_record); others: all,ApplicationRead,Reviewed,
POST,/api/v1/applications/{application_id}/status,app/routes/application.py:203:change_application_status,Bearer JWT (access),"roles:admin,counsellor",application_id,,payload:ApplicationStatusUpdate,Student: own; counsellor: own-work scope (may_see_record); others: all,ApplicationRead,Reviewed,
GET,/api/v1/applications/{application_id}/status-history,app/routes/application.py:343:get_application_status_history,Bearer JWT (access),"roles:admin,admissions,counsellor,student",application_id,,,Student: own; counsellor: own-work scope (may_see_record); others: all,list,Reviewed,
GET,/api/v1/applications/{application_id}/workflow,app/routes/workflow.py:341:get_application_workflow,Bearer JWT (access),any authenticated user,application_id,,,Student: own application; staff roles: any application; child step ids NOT bound to application,ApplicationWorkflowRead,Reviewed,FAPI-SEC-005
POST,/api/v1/applications/{application_id}/workflow,app/routes/workflow.py:359:start_application_workflow,Bearer JWT (access),"roles:admin,counsellor,super_admin",application_id,,payload:InstantiateWorkflowRequest,Student: own application; staff roles: any application; child step ids NOT bound to application,ApplicationWorkflowRead,Reviewed,FAPI-SEC-005
PATCH,/api/v1/applications/{application_id}/workflow/steps/{step_id},app/routes/workflow.py:379:update_application_workflow_step,Bearer JWT (access),"roles:admin,counsellor,super_admin",application_id;step_id,,payload:UpdateWorkflowStepRequest,Student: own application; staff roles: any application; child step ids NOT bound to application,ApplicationWorkflowStepRead,Reviewed,FAPI-SEC-003;FAPI-SEC-005
GET,/api/v1/applications/{application_id}/workflow/steps/{step_id}/activities,app/routes/workflow.py:399:list_workflow_step_activities,Bearer JWT (access),any authenticated user,application_id;step_id,,,Student: own application; staff roles: any application; child step ids NOT bound to application,list,Reviewed,FAPI-SEC-003;FAPI-SEC-005
POST,/api/v1/applications/{application_id}/workflow/steps/{step_id}/activities,app/routes/workflow.py:415:add_workflow_step_comment,Bearer JWT (access),"roles:admin,counsellor,super_admin",application_id;step_id,,payload:AddStepCommentRequest,Student: own application; staff roles: any application; child step ids NOT bound to application,WorkflowStepActivityRead,Reviewed,FAPI-SEC-003;FAPI-SEC-005
GET,/api/v1/appointments,app/routes/appointment.py:31:list_appointments,Bearer JWT (access),"roles:admin,counsellor,student,support",,page;limit;student_id;counsellor_id;lead_id;appointment_type;status;search,,Student: own; staff: any,AppointmentList,Reviewed,
POST,/api/v1/appointments,app/routes/appointment.py:78:create_appointment,Bearer JWT (access),"roles:admin,counsellor,student,support",,,payload:AppointmentCreate,Student: own; staff: any,AppointmentRead,Reviewed,
DELETE,/api/v1/appointments/{appointment_id},app/routes/appointment.py:148:delete_appointment,Bearer JWT (access),"roles:admin,counsellor",appointment_id,,,Student: own; staff: any,AppointmentRead,Reviewed,
GET,/api/v1/appointments/{appointment_id},app/routes/appointment.py:65:get_appointment,Bearer JWT (access),"roles:admin,counsellor,student,support",appointment_id,,,Student: own; staff: any,AppointmentRead,Reviewed,
PATCH,/api/v1/appointments/{appointment_id},app/routes/appointment.py:123:update_appointment,Bearer JWT (access),"roles:admin,counsellor",appointment_id,,payload:AppointmentUpdate,Student: own; staff: any,AppointmentRead,Reviewed,
GET,/api/v1/attendance,app/routes/attendance.py:118:list_attendance,Bearer JWT (access),"roles:admin,admissions,counsellor,finance,frontdesk,manager,marketing,staff,super_admin,support,viewer",,page;limit;user_id;department_id;status;date_from;date_to,,Self or MANAGE_ROLES,AttendanceRecordList,Reviewed,
POST,/api/v1/attendance/check-in,app/routes/attendance.py:76:check_in,Bearer JWT (access),"roles:admin,admissions,counsellor,finance,frontdesk,manager,marketing,staff,super_admin,support,viewer",,,,Self or MANAGE_ROLES,AttendanceRecordRead,Reviewed,
POST,/api/v1/attendance/check-out,app/routes/attendance.py:94:check_out,Bearer JWT (access),"roles:admin,admissions,counsellor,finance,frontdesk,manager,marketing,staff,super_admin,support,viewer",,,,Self or MANAGE_ROLES,AttendanceRecordRead,Reviewed,
GET,/api/v1/attendance/dashboard,app/routes/attendance.py:144:get_dashboard,Bearer JWT (access),"roles:admin,manager,super_admin",,target_date,,Self or MANAGE_ROLES,AttendanceDashboardSummary,Reviewed,
GET,/api/v1/attendance/employees/{employee_id}/summary,app/routes/attendance.py:154:get_employee_summary,Bearer JWT (access),"roles:admin,admissions,counsellor,finance,frontdesk,manager,marketing,staff,super_admin,support,viewer",employee_id,year;month,,Self or MANAGE_ROLES,AttendanceEmployeeSummary,Reviewed,
GET,/api/v1/attendance/policy,app/routes/attendance.py:53:get_policy,Bearer JWT (access),"roles:admin,super_admin",,,,Self or MANAGE_ROLES,AttendancePolicyRead,Reviewed,
PATCH,/api/v1/attendance/policy,app/routes/attendance.py:64:update_policy,Bearer JWT (access),"roles:admin,super_admin",,,payload:AttendancePolicyUpdate,Self or MANAGE_ROLES,AttendancePolicyRead,Reviewed,
GET,/api/v1/attendance/today,app/routes/attendance.py:107:get_today,Bearer JWT (access),"roles:admin,admissions,counsellor,finance,frontdesk,manager,marketing,staff,super_admin,support,viewer",,,,Self or MANAGE_ROLES,app.schemas.attendance.AttendanceRecordRead | None,Reviewed,
PATCH,/api/v1/attendance/{record_id},app/routes/attendance.py:178:update_attendance_record,Bearer JWT (access),"roles:admin,manager,super_admin",record_id,,payload:AttendanceRecordUpdate,Self or MANAGE_ROLES,AttendanceRecordRead,Reviewed,
POST,/api/v1/auth/change-password,app/routes/auth.py:112:change_password,Bearer JWT (access),any authenticated user,,,payload:ChangePasswordRequest,Self only (token subject),UserRead,Reviewed,FAPI-SEC-010;FAPI-SEC-016
POST,/api/v1/auth/login,app/routes/auth.py:35:login,None (public),none,,,payload:LoginRequest,Self only (token subject),TokenResponse,Reviewed,FAPI-SEC-010;FAPI-SEC-011
POST,/api/v1/auth/logout,app/routes/auth.py:164:logout,Bearer JWT (access),any authenticated user,,,payload:app.schemas.auth.LogoutRequest | None,Self only (token subject),dict,Reviewed,FAPI-SEC-016
GET,/api/v1/auth/me,app/routes/auth.py:107:me,Bearer JWT (access),any authenticated user,,,,Self only (token subject),UserRead,Reviewed,
POST,/api/v1/auth/refresh,app/routes/auth.py:142:refresh,None (public),none,,,payload:RefreshRequest,Self only (token subject),TokenResponse,Reviewed,FAPI-SEC-010
POST,/api/v1/auth/register,app/routes/auth.py:75:register,None (public),none,,,payload:PublicRegisterRequest,Self only (token subject),TokenResponse,Reviewed,FAPI-SEC-009;FAPI-SEC-010;FAPI-SEC-011
GET,/api/v1/blog-posts,app/routes/content.py:370:list_blog_posts,Bearer JWT (access),any authenticated user,,page;limit;search;category;is_published,,CMS; reads any authenticated user incl. drafts; writes admin/marketing,BlogPostList,Reviewed,FAPI-SEC-008
POST,/api/v1/blog-posts,app/routes/content.py:396:create_blog_post,Bearer JWT (access),"roles:admin,marketing",,,payload:BlogPostCreate,CMS; reads any authenticated user incl. drafts; writes admin/marketing,BlogPostRead,Reviewed,
DELETE,/api/v1/blog-posts/{post_id},app/routes/content.py:418:delete_blog_post,Bearer JWT (access),"roles:admin,marketing",post_id,,,CMS; reads any authenticated user incl. drafts; writes admin/marketing,BlogPostRead,Reviewed,
GET,/api/v1/blog-posts/{post_id},app/routes/content.py:384:get_blog_post,Bearer JWT (access),any authenticated user,post_id,,,CMS; reads any authenticated user incl. drafts; writes admin/marketing,BlogPostRead,Reviewed,FAPI-SEC-008
PATCH,/api/v1/blog-posts/{post_id},app/routes/content.py:405:update_blog_post,Bearer JWT (access),"roles:admin,marketing",post_id,,payload:BlogPostUpdate,CMS; reads any authenticated user incl. drafts; writes admin/marketing,BlogPostRead,Reviewed,
GET,/api/v1/communication/applications/{application_id}/threads,app/routes/communication.py:191:list_application_threads,Bearer JWT (access),"roles:admin,admissions,counsellor,manager,super_admin",application_id,,,Student: own SHARED threads; staff: ALL threads (no own-work scope),list,Reviewed,FAPI-SEC-005
GET,/api/v1/communication/attachments/{attachment_id}/download,app/routes/communication.py:334:download_attachment,Bearer JWT (access),any authenticated user,attachment_id,disposition,,Student: own SHARED threads; staff: ALL threads (no own-work scope),,Reviewed,FAPI-SEC-005;FAPI-SEC-013
GET,/api/v1/communication/attachments/{attachment_id}/link,app/routes/communication.py:302:get_attachment_link,Bearer JWT (access),any authenticated user,attachment_id,disposition,,Student: own SHARED threads; staff: ALL threads (no own-work scope),DocumentLinkRead,Reviewed,FAPI-SEC-005;FAPI-SEC-013
GET,/api/v1/communication/leads/{lead_id}/threads,app/routes/communication.py:148:list_lead_threads,Bearer JWT (access),"roles:admin,admissions,counsellor,manager,super_admin",lead_id,,,Student: own SHARED threads; staff: ALL threads (no own-work scope),list,Reviewed,FAPI-SEC-005
GET,/api/v1/communication/students/{student_id}/threads,app/routes/communication.py:169:list_student_threads,Bearer JWT (access),"roles:admin,admissions,counsellor,manager,super_admin",student_id,include_internal,,Student: own SHARED threads; staff: ALL threads (no own-work scope),list,Reviewed,FAPI-SEC-005
GET,/api/v1/communication/threads,app/routes/communication.py:128:list_threads,Bearer JWT (access),"roles:admin,admissions,counsellor,manager,super_admin",,search;unread_only;page;limit,,Student: own SHARED threads; staff: ALL threads (no own-work scope),ThreadList,Reviewed,FAPI-SEC-005
POST,/api/v1/communication/threads,app/routes/communication.py:205:create_thread,Bearer JWT (access),"roles:admin,admissions,counsellor,manager,super_admin",,,payload:ThreadCreate,Student: own SHARED threads; staff: ALL threads (no own-work scope),ThreadDetail,Reviewed,FAPI-SEC-005
GET,/api/v1/communication/threads/{thread_id},app/routes/communication.py:232:get_thread,Bearer JWT (access),any authenticated user,thread_id,,,Student: own SHARED threads; staff: ALL threads (no own-work scope),ThreadDetail,Reviewed,FAPI-SEC-005
POST,/api/v1/communication/threads/{thread_id}/messages,app/routes/communication.py:254:post_message,Bearer JWT (access),any authenticated user,thread_id,,body:str;body_html:str | None;files:list;voice:fastapi.datastructures.UploadFile | None;voice_duration:int | None,Student: own SHARED threads; staff: ALL threads (no own-work scope),ThreadMessageRead,Reviewed,FAPI-SEC-005;FAPI-SEC-012
GET,/api/v1/content-blocks,app/routes/content.py:210:list_content_blocks,Bearer JWT (access),any authenticated user,,page;limit;page_id;block_type,,CMS; reads any authenticated user incl. drafts; writes admin/marketing,ContentBlockList,Reviewed,FAPI-SEC-008
POST,/api/v1/content-blocks,app/routes/content.py:235:create_content_block,Bearer JWT (access),"roles:admin,marketing",,,payload:ContentBlockCreate,CMS; reads any authenticated user incl. drafts; writes admin/marketing,ContentBlockRead,Reviewed,
DELETE,/api/v1/content-blocks/{block_id},app/routes/content.py:257:delete_content_block,Bearer JWT (access),"roles:admin,marketing",block_id,,,CMS; reads any authenticated user incl. drafts; writes admin/marketing,ContentBlockRead,Reviewed,
GET,/api/v1/content-blocks/{block_id},app/routes/content.py:223:get_content_block,Bearer JWT (access),any authenticated user,block_id,,,CMS; reads any authenticated user incl. drafts; writes admin/marketing,ContentBlockRead,Reviewed,FAPI-SEC-008
PATCH,/api/v1/content-blocks/{block_id},app/routes/content.py:244:update_content_block,Bearer JWT (access),"roles:admin,marketing",block_id,,payload:ContentBlockUpdate,CMS; reads any authenticated user incl. drafts; writes admin/marketing,ContentBlockRead,Reviewed,
GET,/api/v1/content-pages,app/routes/content.py:74:list_content_pages,Bearer JWT (access),any authenticated user,,page;limit;search;kind;tag;is_published,,CMS; reads any authenticated user incl. drafts; writes admin/marketing,ContentPageList,Reviewed,FAPI-SEC-008
POST,/api/v1/content-pages,app/routes/content.py:101:create_content_page,Bearer JWT (access),"roles:admin,marketing",,,payload:ContentPageCreate,CMS; reads any authenticated user incl. drafts; writes admin/marketing,ContentPageRead,Reviewed,
DELETE,/api/v1/content-pages/{page_id},app/routes/content.py:123:delete_content_page,Bearer JWT (access),"roles:admin,marketing",page_id,,,CMS; reads any authenticated user incl. drafts; writes admin/marketing,ContentPageRead,Reviewed,
GET,/api/v1/content-pages/{page_id},app/routes/content.py:89:get_content_page,Bearer JWT (access),any authenticated user,page_id,,,CMS; reads any authenticated user incl. drafts; writes admin/marketing,ContentPageDetail,Reviewed,FAPI-SEC-008
PATCH,/api/v1/content-pages/{page_id},app/routes/content.py:110:update_content_page,Bearer JWT (access),"roles:admin,marketing",page_id,,payload:ContentPageUpdate,CMS; reads any authenticated user incl. drafts; writes admin/marketing,ContentPageRead,Reviewed,
PUT,/api/v1/content-pages/{page_id}/blocks/order,app/routes/content.py:187:reorder_content_blocks,Bearer JWT (access),"roles:admin,marketing",page_id,,payload:ContentBlockReorder,CMS; reads any authenticated user incl. drafts; writes admin/marketing,list,Reviewed,
GET,/api/v1/content-pages/{page_id}/preview,app/routes/content.py:165:preview_content_page,Bearer JWT (access),"roles:admin,marketing",page_id,,,CMS; reads any authenticated user incl. drafts; writes admin/marketing,ContentPagePreview,Reviewed,FAPI-SEC-008
POST,/api/v1/content-pages/{page_id}/publish,app/routes/content.py:135:publish_content_page,Bearer JWT (access),"roles:admin,marketing",page_id,,payload:ContentPagePublish,CMS; reads any authenticated user incl. drafts; writes admin/marketing,ContentPagePublishResult,Reviewed,
GET,/api/v1/countries,app/routes/academic.py:69:list_countries,Bearer JWT (access),any authenticated user,,page;limit;search;is_active,,Reference data; writes admin/marketing,CountryList,Reviewed,
POST,/api/v1/countries,app/routes/academic.py:94:create_country,Bearer JWT (access),roles:admin,,,payload:CountryCreate,Reference data; writes admin/marketing,CountryRead,Reviewed,
DELETE,/api/v1/countries/{country_id},app/routes/academic.py:116:delete_country,Bearer JWT (access),roles:admin,country_id,,,Reference data; writes admin/marketing,CountryRead,Reviewed,
GET,/api/v1/countries/{country_id},app/routes/academic.py:82:get_country,Bearer JWT (access),any authenticated user,country_id,,,Reference data; writes admin/marketing,CountryRead,Reviewed,
PATCH,/api/v1/countries/{country_id},app/routes/academic.py:103:update_country,Bearer JWT (access),roles:admin,country_id,,payload:CountryUpdate,Reference data; writes admin/marketing,CountryRead,Reviewed,
GET,/api/v1/country-guides,app/routes/content.py:433:list_country_guides,Bearer JWT (access),any authenticated user,,page;limit;search;country_id;is_published,,CMS; reads any authenticated user incl. drafts; writes admin/marketing,CountryGuideList,Reviewed,FAPI-SEC-008
POST,/api/v1/country-guides,app/routes/content.py:459:create_country_guide,Bearer JWT (access),"roles:admin,marketing",,,payload:CountryGuideCreate,CMS; reads any authenticated user incl. drafts; writes admin/marketing,CountryGuideRead,Reviewed,
DELETE,/api/v1/country-guides/{guide_id},app/routes/content.py:481:delete_country_guide,Bearer JWT (access),"roles:admin,marketing",guide_id,,,CMS; reads any authenticated user incl. drafts; writes admin/marketing,CountryGuideRead,Reviewed,
GET,/api/v1/country-guides/{guide_id},app/routes/content.py:447:get_country_guide,Bearer JWT (access),any authenticated user,guide_id,,,CMS; reads any authenticated user incl. drafts; writes admin/marketing,CountryGuideRead,Reviewed,FAPI-SEC-008
PATCH,/api/v1/country-guides/{guide_id},app/routes/content.py:468:update_country_guide,Bearer JWT (access),"roles:admin,marketing",guide_id,,payload:CountryGuideUpdate,CMS; reads any authenticated user incl. drafts; writes admin/marketing,CountryGuideRead,Reviewed,
GET,/api/v1/course-profiles,app/routes/catalogue.py:125:list_course_profiles,Bearer JWT (access),any authenticated user,,page;limit;search;subject;course_level;is_published,,Reference data; reads any authenticated user incl. unpublished; writes admin/marketing,CourseProfileList,Reviewed,FAPI-SEC-008
POST,/api/v1/course-profiles,app/routes/catalogue.py:154:create_course_profile,Bearer JWT (access),"roles:admin,marketing",,,payload:CourseProfileCreate,Reference data; reads any authenticated user incl. unpublished; writes admin/marketing,CourseProfileRead,Reviewed,
DELETE,/api/v1/course-profiles/{profile_id},app/routes/catalogue.py:176:delete_course_profile,Bearer JWT (access),"roles:admin,marketing",profile_id,,,Reference data; reads any authenticated user incl. unpublished; writes admin/marketing,CourseProfileRead,Reviewed,
GET,/api/v1/course-profiles/{profile_id},app/routes/catalogue.py:142:get_course_profile,Bearer JWT (access),any authenticated user,profile_id,,,Reference data; reads any authenticated user incl. unpublished; writes admin/marketing,CourseProfileRead,Reviewed,FAPI-SEC-008
PATCH,/api/v1/course-profiles/{profile_id},app/routes/catalogue.py:163:update_course_profile,Bearer JWT (access),"roles:admin,marketing",profile_id,,payload:CourseProfileUpdate,Reference data; reads any authenticated user incl. unpublished; writes admin/marketing,CourseProfileRead,Reviewed,
GET,/api/v1/departments,app/routes/departments.py:29:list_departments,Bearer JWT (access),staff,,page;limit;search,,Staff read; admin/manager write,DepartmentList,Reviewed,
POST,/api/v1/departments,app/routes/departments.py:60:create_department,Bearer JWT (access),"roles:admin,manager",,,payload:DepartmentCreate,Staff read; admin/manager write,DepartmentRead,Reviewed,
DELETE,/api/v1/departments/{department_id},app/routes/departments.py:85:delete_department,Bearer JWT (access),"roles:admin,manager",department_id,,,Staff read; admin/manager write,DepartmentRead,Reviewed,
GET,/api/v1/departments/{department_id},app/routes/departments.py:47:get_department,Bearer JWT (access),staff,department_id,,,Staff read; admin/manager write,DepartmentRead,Reviewed,
PATCH,/api/v1/departments/{department_id},app/routes/departments.py:70:update_department,Bearer JWT (access),"roles:admin,manager",department_id,,payload:DepartmentUpdate,Staff read; admin/manager write,DepartmentRead,Reviewed,
GET,/api/v1/documents,app/routes/document.py:106:list_documents,Bearer JWT (access),"roles:admin,admissions,counsellor,manager,student",,page;limit;student_id;uploaded_by;status;document_type;search,,Student: own (student_id); staff: any; paywall on offer/CAS,DocumentList,Reviewed,
POST,/api/v1/documents,app/routes/document.py:318:create_document,Bearer JWT (access),"roles:admin,admissions,counsellor,manager",,,payload:DocumentCreate,Student: own (student_id); staff: any; paywall on offer/CAS,DocumentRead,Reviewed,
GET,/api/v1/documents/folders,app/routes/document.py:139:list_document_folders,Bearer JWT (access),"roles:admin,admissions,counsellor,manager",,page;limit;search;sort,,Student: own (student_id); staff: any; paywall on offer/CAS,DocumentFolderList,Reviewed,
GET,/api/v1/documents/folders/{student_id},app/routes/document.py:157:get_document_folder,Bearer JWT (access),"roles:admin,admissions,counsellor,manager",student_id,,,Student: own (student_id); staff: any; paywall on offer/CAS,DocumentFolderRead,Reviewed,
POST,/api/v1/documents/upload,app/routes/document.py:169:upload_document,Bearer JWT (access),"roles:admin,admissions,counsellor,manager,student",,,student_id:UUID;document_type:DocumentType;file:UploadFile;title:str | None;remarks:str | None;application_id:uuid.UUID | None,Student: own (student_id); staff: any; paywall on offer/CAS,DocumentRead,Reviewed,FAPI-SEC-004;FAPI-SEC-012
DELETE,/api/v1/documents/{document_id},app/routes/document.py:424:delete_document,Bearer JWT (access),roles:admin,document_id,,,Student: own (student_id); staff: any; paywall on offer/CAS,DocumentRead,Reviewed,
GET,/api/v1/documents/{document_id},app/routes/document.py:305:get_document,Bearer JWT (access),"roles:admin,admissions,counsellor,manager,student",document_id,,,Student: own (student_id); staff: any; paywall on offer/CAS,DocumentRead,Reviewed,
PATCH,/api/v1/documents/{document_id},app/routes/document.py:330:update_document,Bearer JWT (access),roles:admin,document_id,,payload:DocumentUpdate,Student: own (student_id); staff: any; paywall on offer/CAS,DocumentRead,Reviewed,
POST,/api/v1/documents/{document_id}/comment,app/routes/document.py:385:comment_document,Bearer JWT (access),"roles:admin,admissions,counsellor,manager",document_id,,payload:DocumentCommentRequest,Student: own (student_id); staff: any; paywall on offer/CAS,DocumentRead,Reviewed,
GET,/api/v1/documents/{document_id}/download,app/routes/document.py:273:download_document,Bearer JWT (access),"roles:admin,admissions,counsellor,manager,student",document_id,disposition,,Student: own (student_id); staff: any; paywall on offer/CAS,,Reviewed,FAPI-SEC-013
POST,/api/v1/documents/{document_id}/extract,app/routes/document.py:407:extract_document_data,Bearer JWT (access),"roles:admin,admissions,counsellor,manager,student",document_id,,,Student: own (student_id); staff: any; paywall on offer/CAS,DocumentExtractionResult,Reviewed,
GET,/api/v1/documents/{document_id}/link,app/routes/document.py:238:get_document_link,Bearer JWT (access),"roles:admin,admissions,counsellor,manager,student",document_id,disposition,,Student: own (student_id); staff: any; paywall on offer/CAS,DocumentLinkRead,Reviewed,FAPI-SEC-013
POST,/api/v1/documents/{document_id}/reject,app/routes/document.py:363:reject_document,Bearer JWT (access),"roles:admin,admissions,counsellor,manager",document_id,,payload:DocumentRejectRequest,Student: own (student_id); staff: any; paywall on offer/CAS,DocumentRead,Reviewed,
POST,/api/v1/documents/{document_id}/verify,app/routes/document.py:344:verify_document,Bearer JWT (access),"roles:admin,admissions,counsellor,manager",document_id,,payload:DocumentVerifyRequest,Student: own (student_id); staff: any; paywall on offer/CAS,DocumentRead,Reviewed,
GET,/api/v1/eligibility-assessments,app/routes/eligibility.py:92:list_assessments,Bearer JWT (access),"roles:admin,counsellor,super_admin",,page;limit;search;overall_status;lead_status;assigned_to;study_level;unassigned;sort,,Staff queue (admin/super_admin/counsellor),EligibilityAssessmentList,Reviewed,
GET,/api/v1/eligibility-assessments/stats,app/routes/eligibility.py:121:eligibility_stats,Bearer JWT (access),"roles:admin,counsellor,super_admin",,,,Staff queue (admin/super_admin/counsellor),EligibilityStats,Reviewed,
GET,/api/v1/eligibility-assessments/{assessment_id},app/routes/eligibility.py:129:get_assessment,Bearer JWT (access),"roles:admin,counsellor,super_admin",assessment_id,,,Staff queue (admin/super_admin/counsellor),EligibilityAssessmentDetail,Reviewed,
GET,/api/v1/employees,app/routes/employees.py:16:list_employees,Bearer JWT (access),"roles:admin,manager",,page;limit;search;department_id;employment_status,,Admin/manager,EmployeeDirectoryList,Reviewed,
GET,/api/v1/health,app/routes/health.py:16:health,None (public),none,,,,Unauthenticated liveness/readiness,dict,Reviewed,
GET,/api/v1/health/ready,app/routes/health.py:21:ready,None (public),none,,,,Unauthenticated liveness/readiness,dict,Reviewed,
POST,/api/v1/imports/catalogue,app/routes/imports.py:40:import_catalogue,Bearer JWT (access),roles:admin,,,file:UploadFile;apply:bool,Admin; disabled in production,ImportPreview,Reviewed,FAPI-SEC-012
GET,/api/v1/intakes,app/routes/academic.py:273:list_intakes,Bearer JWT (access),any authenticated user,,page;limit;program_id;is_active,,Reference data; writes admin/marketing,IntakeList,Reviewed,
POST,/api/v1/intakes,app/routes/academic.py:298:create_intake,Bearer JWT (access),roles:admin,,,payload:IntakeCreate,Reference data; writes admin/marketing,IntakeRead,Reviewed,
DELETE,/api/v1/intakes/{intake_id},app/routes/academic.py:320:delete_intake,Bearer JWT (access),roles:admin,intake_id,,,Reference data; writes admin/marketing,IntakeRead,Reviewed,
GET,/api/v1/intakes/{intake_id},app/routes/academic.py:286:get_intake,Bearer JWT (access),any authenticated user,intake_id,,,Reference data; writes admin/marketing,IntakeRead,Reviewed,
PATCH,/api/v1/intakes/{intake_id},app/routes/academic.py:307:update_intake,Bearer JWT (access),roles:admin,intake_id,,payload:IntakeUpdate,Reference data; writes admin/marketing,IntakeRead,Reviewed,
GET,/api/v1/leads,app/routes/leads.py:41:list_leads,Bearer JWT (access),"roles:admin,counsellor,marketing,super_admin",,page;limit;search;status;statuses;source;priority;assigned_to;exclude_status,,Counsellor own-work scope (may_see_record); others all,LeadList,Reviewed,
POST,/api/v1/leads,app/routes/leads.py:121:create_lead,Bearer JWT (access),"roles:admin,counsellor,marketing",,,payload:LeadCreate,Counsellor own-work scope (may_see_record); others all,LeadRead,Reviewed,
GET,/api/v1/leads/follow-ups/due,app/routes/leads.py:71:list_due_follow_ups,Bearer JWT (access),"roles:admin,counsellor,super_admin",,page;limit;counsellor_id,,Counsellor own-work scope (may_see_record); others all,DueFollowUpList,Reviewed,
DELETE,/api/v1/leads/{lead_id},app/routes/leads.py:222:delete_lead,Bearer JWT (access),"roles:admin,super_admin",lead_id,,,Counsellor own-work scope (may_see_record); others all,LeadRead,Reviewed,
GET,/api/v1/leads/{lead_id},app/routes/leads.py:100:get_lead,Bearer JWT (access),"roles:admin,counsellor,marketing,super_admin",lead_id,,,Counsellor own-work scope (may_see_record); others all,LeadRead,Reviewed,
PATCH,/api/v1/leads/{lead_id},app/routes/leads.py:211:update_lead,Bearer JWT (access),"roles:admin,counsellor,super_admin",lead_id,,payload:LeadUpdate,Counsellor own-work scope (may_see_record); others all,LeadRead,Reviewed,
GET,/api/v1/leads/{lead_id}/activities,app/routes/leads.py:110:list_lead_activities,Bearer JWT (access),"roles:admin,counsellor,super_admin",lead_id,,,Counsellor own-work scope (may_see_record); others all,list,Reviewed,
POST,/api/v1/leads/{lead_id}/assign,app/routes/leads.py:134:assign_lead,Bearer JWT (access),"roles:admin,counsellor,super_admin",lead_id,,payload:LeadAssign,Counsellor own-work scope (may_see_record); others all,LeadRead,Reviewed,
POST,/api/v1/leads/{lead_id}/convert,app/routes/leads.py:186:convert_lead,Bearer JWT (access),"roles:admin,counsellor,super_admin",lead_id,,payload:LeadConvert,Counsellor own-work scope (may_see_record); others all,LeadConvertResult,Reviewed,
GET,/api/v1/leads/{lead_id}/follow-ups,app/routes/leads.py:235:list_lead_follow_ups,Bearer JWT (access),"roles:admin,counsellor,super_admin",lead_id,,,Counsellor own-work scope (may_see_record); others all,LeadFollowUpList,Reviewed,
POST,/api/v1/leads/{lead_id}/follow-ups,app/routes/leads.py:247:create_lead_follow_up,Bearer JWT (access),"roles:admin,counsellor,super_admin",lead_id,,payload:LeadFollowUpCreate,Counsellor own-work scope (may_see_record); others all,LeadFollowUpRead,Reviewed,
PATCH,/api/v1/leads/{lead_id}/follow-ups/{follow_up_id},app/routes/leads.py:263:complete_lead_follow_up,Bearer JWT (access),"roles:admin,counsellor,super_admin",lead_id;follow_up_id,,payload:LeadFollowUpComplete,Counsellor own-work scope (may_see_record); others all,LeadFollowUpRead,Reviewed,
POST,/api/v1/leads/{lead_id}/lost,app/routes/leads.py:173:mark_lead_lost,Bearer JWT (access),"roles:admin,counsellor,super_admin",lead_id,,payload:LeadMarkLost,Counsellor own-work scope (may_see_record); others all,LeadRead,Reviewed,
POST,/api/v1/leads/{lead_id}/qualify,app/routes/leads.py:162:qualify_lead,Bearer JWT (access),"roles:admin,counsellor,super_admin",lead_id,,payload:LeadQualify,Counsellor own-work scope (may_see_record); others all,LeadRead,Reviewed,
POST,/api/v1/leads/{lead_id}/status,app/routes/leads.py:145:change_lead_status,Bearer JWT (access),"roles:admin,counsellor,super_admin",lead_id,,payload:LeadStatusUpdate,Counsellor own-work scope (may_see_record); others all,LeadRead,Reviewed,
GET,/api/v1/leave-requests,app/routes/leave.py:150:list_leave_requests,Bearer JWT (access),"roles:admin,admissions,counsellor,finance,frontdesk,manager,marketing,staff,super_admin,support",,page;limit;user_id;status;leave_type_id,,Self or MANAGE_ROLES,LeaveRequestList,Reviewed,
POST,/api/v1/leave-requests,app/routes/leave.py:109:create_leave_request,Bearer JWT (access),"roles:admin,admissions,counsellor,finance,frontdesk,manager,marketing,staff,super_admin,support",,,leave_type_id:UUID;start_date:date;end_date:date;reason:str | None;file:fastapi.datastructures.UploadFile | None,Self or MANAGE_ROLES,LeaveRequestRead,Reviewed,FAPI-SEC-006;FAPI-SEC-012
GET,/api/v1/leave-requests/employees/{employee_id}/balance,app/routes/leave.py:172:get_leave_balance,Bearer JWT (access),"roles:admin,admissions,counsellor,finance,frontdesk,manager,marketing,staff,super_admin,support",employee_id,year,,Self or MANAGE_ROLES,LeaveBalanceList,Reviewed,
GET,/api/v1/leave-requests/{request_id},app/routes/leave.py:190:get_leave_request,Bearer JWT (access),"roles:admin,admissions,counsellor,finance,frontdesk,manager,marketing,staff,super_admin,support",request_id,,,Self or MANAGE_ROLES,LeaveRequestRead,Reviewed,
POST,/api/v1/leave-requests/{request_id}/approve,app/routes/leave.py:204:approve_leave_request,Bearer JWT (access),"roles:admin,manager,super_admin",request_id,,payload:LeaveApproveRequest,Self or MANAGE_ROLES,LeaveRequestRead,Reviewed,FAPI-SEC-015
POST,/api/v1/leave-requests/{request_id}/cancel,app/routes/leave.py:234:cancel_leave_request,Bearer JWT (access),"roles:admin,admissions,counsellor,finance,frontdesk,manager,marketing,staff,super_admin,support",request_id,,,Self or MANAGE_ROLES,LeaveRequestRead,Reviewed,
POST,/api/v1/leave-requests/{request_id}/reject,app/routes/leave.py:219:reject_leave_request,Bearer JWT (access),"roles:admin,manager,super_admin",request_id,,payload:LeaveRejectRequest,Self or MANAGE_ROLES,LeaveRequestRead,Reviewed,
GET,/api/v1/leave-types,app/routes/leave.py:62:list_leave_types,Bearer JWT (access),"roles:admin,admissions,counsellor,finance,frontdesk,manager,marketing,staff,super_admin,support",,,,Self or MANAGE_ROLES,LeaveTypeList,Reviewed,
POST,/api/v1/leave-types,app/routes/leave.py:71:create_leave_type,Bearer JWT (access),"roles:admin,super_admin",,,payload:LeaveTypeCreate,Self or MANAGE_ROLES,LeaveTypeRead,Reviewed,
DELETE,/api/v1/leave-types/{type_id},app/routes/leave.py:94:delete_leave_type,Bearer JWT (access),"roles:admin,super_admin",type_id,,,Self or MANAGE_ROLES,LeaveTypeRead,Reviewed,
PATCH,/api/v1/leave-types/{type_id},app/routes/leave.py:81:update_leave_type,Bearer JWT (access),"roles:admin,super_admin",type_id,,payload:LeaveTypeUpdate,Self or MANAGE_ROLES,LeaveTypeRead,Reviewed,
GET,/api/v1/media-assets,app/routes/content.py:272:list_media_assets,Bearer JWT (access),any authenticated user,,page;limit;search;kind;folder,,CMS; reads any authenticated user incl. drafts; writes admin/marketing,MediaAssetList,Reviewed,FAPI-SEC-008
POST,/api/v1/media-assets,app/routes/content.py:298:create_media_asset,Bearer JWT (access),"roles:admin,marketing",,,payload:MediaAssetCreate,CMS; reads any authenticated user incl. drafts; writes admin/marketing,MediaAssetRead,Reviewed,
POST,/api/v1/media-assets/upload,app/routes/content.py:313:upload_media_asset,Bearer JWT (access),"roles:admin,marketing",,,file:UploadFile,CMS; reads any authenticated user incl. drafts; writes admin/marketing,MediaAssetRead,Reviewed,FAPI-SEC-012
DELETE,/api/v1/media-assets/{asset_id},app/routes/content.py:355:delete_media_asset,Bearer JWT (access),"roles:admin,marketing",asset_id,,,CMS; reads any authenticated user incl. drafts; writes admin/marketing,MediaAssetRead,Reviewed,
GET,/api/v1/media-assets/{asset_id},app/routes/content.py:286:get_media_asset,Bearer JWT (access),any authenticated user,asset_id,,,CMS; reads any authenticated user incl. drafts; writes admin/marketing,MediaAssetRead,Reviewed,FAPI-SEC-008
PATCH,/api/v1/media-assets/{asset_id},app/routes/content.py:342:update_media_asset,Bearer JWT (access),"roles:admin,marketing",asset_id,,payload:MediaAssetUpdate,CMS; reads any authenticated user incl. drafts; writes admin/marketing,MediaAssetRead,Reviewed,
GET,/api/v1/messages/threads,app/routes/message.py:37:list_message_threads,Bearer JWT (access),"roles:admin,admissions,counsellor,frontdesk,manager,super_admin",,,,Legacy staff inbox; message_scope own-work rule,list,Reviewed,
GET,/api/v1/messages/{student_id},app/routes/message.py:75:get_student_thread,Bearer JWT (access),"roles:admin,admissions,counsellor,frontdesk,manager,super_admin",student_id,,,Legacy staff inbox; message_scope own-work rule,MessageList,Reviewed,
POST,/api/v1/messages/{student_id},app/routes/message.py:94:send_staff_message,Bearer JWT (access),"roles:admin,admissions,counsellor,frontdesk,manager,super_admin",student_id,,payload:MessageCreate,Legacy staff inbox; message_scope own-work rule,MessageRead,Reviewed,
POST,/api/v1/messages/{student_id}/read-all,app/routes/message.py:127:mark_thread_read,Bearer JWT (access),"roles:admin,admissions,counsellor,frontdesk,manager,super_admin",student_id,,,Legacy staff inbox; message_scope own-work rule,dict,Reviewed,
GET,/api/v1/notifications,app/routes/notification.py:27:list_notifications,Bearer JWT (access),any authenticated user,,page;limit;notification_type;channel;is_read,,Owner or ADMIN,NotificationList,Reviewed,
POST,/api/v1/notifications,app/routes/notification.py:67:create_notification,Bearer JWT (access),roles:admin,,,payload:NotificationCreate,Owner or ADMIN,NotificationRead,Reviewed,
DELETE,/api/v1/notifications/{notification_id},app/routes/notification.py:124:delete_notification,Bearer JWT (access),any authenticated user,notification_id,,,Owner or ADMIN,NotificationRead,Reviewed,
GET,/api/v1/notifications/{notification_id},app/routes/notification.py:54:get_notification,Bearer JWT (access),any authenticated user,notification_id,,,Owner or ADMIN,NotificationRead,Reviewed,
PATCH,/api/v1/notifications/{notification_id},app/routes/notification.py:110:update_notification,Bearer JWT (access),roles:admin,notification_id,,payload:NotificationUpdate,Owner or ADMIN,NotificationRead,Reviewed,
POST,/api/v1/notifications/{notification_id}/read,app/routes/notification.py:84:mark_notification_read,Bearer JWT (access),any authenticated user,notification_id,,,Owner or ADMIN,NotificationRead,Reviewed,
POST,/api/v1/notifications/{notification_id}/unread,app/routes/notification.py:97:mark_notification_unread,Bearer JWT (access),any authenticated user,notification_id,,,Owner or ADMIN,NotificationRead,Reviewed,
GET,/api/v1/payments,app/routes/payment.py:20:list_payments,Bearer JWT (access),"roles:admin,finance,student",,page;limit;student_id;application_id;status;payment_method,,Student: own; finance/admin: any,PaymentList,Reviewed,
POST,/api/v1/payments,app/routes/payment.py:64:create_payment,Bearer JWT (access),"roles:admin,finance",,,payload:PaymentCreate,Student: own; finance/admin: any,PaymentRead,Reviewed,
DELETE,/api/v1/payments/{payment_id},app/routes/payment.py:91:delete_payment,Bearer JWT (access),roles:admin,payment_id,,,Student: own; finance/admin: any,PaymentRead,Reviewed,
GET,/api/v1/payments/{payment_id},app/routes/payment.py:50:get_payment,Bearer JWT (access),"roles:admin,finance,student",payment_id,,,Student: own; finance/admin: any,PaymentRead,Reviewed,
PATCH,/api/v1/payments/{payment_id},app/routes/payment.py:77:update_payment,Bearer JWT (access),roles:admin,payment_id,,payload:PaymentUpdate,Student: own; finance/admin: any,PaymentRead,Reviewed,
GET,/api/v1/payroll-runs,app/routes/payroll.py:90:list_payroll_runs,Bearer JWT (access),"roles:admin,manager,super_admin",,page;limit,,Self (payslips) or VIEW_ROLES,PayrollRunList,Reviewed,
POST,/api/v1/payroll-runs,app/routes/payroll.py:101:create_payroll_run,Bearer JWT (access),"roles:admin,super_admin",,,payload:PayrollRunCreate,Self (payslips) or VIEW_ROLES,PayrollRunGenerateResult,Reviewed,
GET,/api/v1/payroll-runs/{run_id},app/routes/payroll.py:114:get_payroll_run,Bearer JWT (access),"roles:admin,manager,super_admin",run_id,,,Self (payslips) or VIEW_ROLES,PayrollRunRead,Reviewed,
POST,/api/v1/payroll-runs/{run_id}/finalize,app/routes/payroll.py:126:finalize_payroll_run,Bearer JWT (access),"roles:admin,super_admin",run_id,,,Self (payslips) or VIEW_ROLES,PayrollRunRead,Reviewed,
POST,/api/v1/payroll-runs/{run_id}/mark-paid,app/routes/payroll.py:140:mark_payroll_run_paid,Bearer JWT (access),"roles:admin,super_admin",run_id,,,Self (payslips) or VIEW_ROLES,PayrollRunRead,Reviewed,
GET,/api/v1/payroll-runs/{run_id}/payslips,app/routes/payroll.py:154:list_run_payslips,Bearer JWT (access),"roles:admin,manager,super_admin",run_id,,,Self (payslips) or VIEW_ROLES,PayslipList,Reviewed,
GET,/api/v1/payslips/{payslip_id},app/routes/payroll.py:170:get_payslip,Bearer JWT (access),"roles:admin,admissions,counsellor,finance,frontdesk,manager,marketing,staff,super_admin,support",payslip_id,,,Self (payslips) or VIEW_ROLES,PayslipRead,Reviewed,
POST,/api/v1/payslips/{payslip_id}/line-items,app/routes/payroll.py:184:add_payslip_line_item,Bearer JWT (access),"roles:admin,super_admin",payslip_id,,payload:PayslipLineItemCreate,Self (payslips) or VIEW_ROLES,PayslipRead,Reviewed,
DELETE,/api/v1/payslips/{payslip_id}/line-items/{item_id},app/routes/payroll.py:202:remove_payslip_line_item,Bearer JWT (access),"roles:admin,super_admin",payslip_id;item_id,,,Self (payslips) or VIEW_ROLES,PayslipRead,Reviewed,
GET,/api/v1/programs,app/routes/academic.py:202:list_programs,Bearer JWT (access),any authenticated user,,page;limit;search;university_id;degree_level;is_active,,Reference data; writes admin/marketing,ProgramList,Reviewed,
POST,/api/v1/programs,app/routes/academic.py:236:create_program,Bearer JWT (access),"roles:admin,marketing",,,payload:ProgramCreate,Reference data; writes admin/marketing,ProgramRead,Reviewed,
DELETE,/api/v1/programs/{program_id},app/routes/academic.py:258:delete_program,Bearer JWT (access),"roles:admin,marketing",program_id,,,Reference data; writes admin/marketing,ProgramRead,Reviewed,
GET,/api/v1/programs/{program_id},app/routes/academic.py:224:get_program,Bearer JWT (access),any authenticated user,program_id,,,Reference data; writes admin/marketing,ProgramRead,Reviewed,
PATCH,/api/v1/programs/{program_id},app/routes/academic.py:245:update_program,Bearer JWT (access),"roles:admin,marketing",program_id,,payload:ProgramUpdate,Reference data; writes admin/marketing,ProgramRead,Reviewed,
POST,/api/v1/public/apply-intents,app/routes/public.py:752:create_apply_intent,None (public),public,,,payload:ApplyIntentCreate,Unauthenticated; published-only; limit clamped; POSTs rate-limited per client IP,ApplyIntentRead,Reviewed,FAPI-SEC-010
GET,/api/v1/public/apply-intents/{intent_id},app/routes/public.py:782:read_apply_intent,None (public),public,intent_id,,,Unauthenticated; published-only; limit clamped; POSTs rate-limited per client IP,ApplyIntentRead,Reviewed,
GET,/api/v1/public/content,app/routes/public.py:587:public_content_index,None (public),public,,kind;page;limit,,Unauthenticated; published-only; limit clamped; POSTs rate-limited per client IP,ContentListPublic,Reviewed,
GET,/api/v1/public/content/{key},app/routes/public.py:608:public_content,None (public),public,key,,,Unauthenticated; published-only; limit clamped; POSTs rate-limited per client IP,ContentPublic,Reviewed,
GET,/api/v1/public/course-profiles,app/routes/public.py:463:public_course_profiles,None (public),public,,subject;page;limit,,Unauthenticated; published-only; limit clamped; POSTs rate-limited per client IP,CourseProfileListPublic,Reviewed,
GET,/api/v1/public/course-profiles/{slug},app/routes/public.py:493:public_course_profile,None (public),public,slug,,,Unauthenticated; published-only; limit clamped; POSTs rate-limited per client IP,CourseProfileDetail,Reviewed,
GET,/api/v1/public/courses,app/routes/public.py:282:public_courses,None (public),public,,q;route;level;subject;university;placement;duration;sort;page;limit,,Unauthenticated; published-only; limit clamped; POSTs rate-limited per client IP,CourseSearchResult,Reviewed,
GET,/api/v1/public/courses/facets,app/routes/public.py:317:public_course_facets,None (public),public,,q;route;level;subject;university;placement;duration,,Unauthenticated; published-only; limit clamped; POSTs rate-limited per client IP,CourseFacets,Reviewed,
GET,/api/v1/public/courses/{slug},app/routes/public.py:347:public_course,None (public),public,slug,,,Unauthenticated; published-only; limit clamped; POSTs rate-limited per client IP,CourseDetailPublic,Reviewed,
POST,/api/v1/public/eligibility,app/routes/public.py:664:submit_eligibility,None (public),public,,,payload:EligibilitySubmission,Unauthenticated; published-only; limit clamped; POSTs rate-limited per client IP,EligibilityResultPublic,Reviewed,FAPI-SEC-010;FAPI-SEC-018
GET,/api/v1/public/posts,app/routes/public.py:630:public_posts,None (public),public,,page;limit,,Unauthenticated; published-only; limit clamped; POSTs rate-limited per client IP,PostListPublic,Reviewed,
GET,/api/v1/public/posts/{slug},app/routes/public.py:645:public_post,None (public),public,slug,,,Unauthenticated; published-only; limit clamped; POSTs rate-limited per client IP,PostPublic,Reviewed,
GET,/api/v1/public/scholarships,app/routes/public.py:538:public_scholarships,None (public),public,,university;level;page;limit,,Unauthenticated; published-only; limit clamped; POSTs rate-limited per client IP,ScholarshipListPublic,Reviewed,
GET,/api/v1/public/taxonomies,app/routes/public.py:725:public_taxonomies,None (public),public,,,,Unauthenticated; published-only; limit clamped; POSTs rate-limited per client IP,Taxonomies,Reviewed,
GET,/api/v1/public/universities,app/routes/public.py:194:public_universities,None (public),public,,,,Unauthenticated; published-only; limit clamped; POSTs rate-limited per client IP,UniversityListPublic,Reviewed,
GET,/api/v1/public/universities/{slug},app/routes/public.py:213:public_university,None (public),public,slug,,,Unauthenticated; published-only; limit clamped; POSTs rate-limited per client IP,UniversityDetail,Reviewed,
GET,/api/v1/salary-structures/{user_id},app/routes/payroll.py:56:get_salary_structure,Bearer JWT (access),"roles:admin,manager,super_admin",user_id,,,Self (payslips) or VIEW_ROLES,SalaryStructureRead,Reviewed,
PUT,/api/v1/salary-structures/{user_id},app/routes/payroll.py:70:upsert_salary_structure,Bearer JWT (access),"roles:admin,super_admin",user_id,,payload:SalaryStructureUpsert,Self (payslips) or VIEW_ROLES,SalaryStructureRead,Reviewed,
GET,/api/v1/scholarships,app/routes/catalogue.py:191:list_scholarships,Bearer JWT (access),any authenticated user,,page;limit;search;university_id;kind;is_published,,Reference data; reads any authenticated user incl. unpublished; writes admin/marketing,ScholarshipList,Reviewed,FAPI-SEC-008
POST,/api/v1/scholarships,app/routes/catalogue.py:220:create_scholarship,Bearer JWT (access),"roles:admin,marketing",,,payload:ScholarshipCreate,Reference data; reads any authenticated user incl. unpublished; writes admin/marketing,ScholarshipRead,Reviewed,
DELETE,/api/v1/scholarships/{scholarship_id},app/routes/catalogue.py:242:delete_scholarship,Bearer JWT (access),"roles:admin,marketing",scholarship_id,,,Reference data; reads any authenticated user incl. unpublished; writes admin/marketing,ScholarshipRead,Reviewed,
GET,/api/v1/scholarships/{scholarship_id},app/routes/catalogue.py:208:get_scholarship,Bearer JWT (access),any authenticated user,scholarship_id,,,Reference data; reads any authenticated user incl. unpublished; writes admin/marketing,ScholarshipRead,Reviewed,FAPI-SEC-008
PATCH,/api/v1/scholarships/{scholarship_id},app/routes/catalogue.py:229:update_scholarship,Bearer JWT (access),"roles:admin,marketing",scholarship_id,,payload:ScholarshipUpdate,Reference data; reads any authenticated user incl. unpublished; writes admin/marketing,ScholarshipRead,Reviewed,
GET,/api/v1/student/catalog/blog,app/routes/student.py:1344:browse_blog_posts,Bearer JWT (access),roles:student,,page;limit,,StudentScopedRepository / service calls keyed on authenticated student id,BlogPostList,Reviewed,
GET,/api/v1/student/catalog/countries,app/routes/student.py:1284:browse_countries,Bearer JWT (access),roles:student,,page;limit;search,,StudentScopedRepository / service calls keyed on authenticated student id,CountryList,Reviewed,
GET,/api/v1/student/catalog/countries/{country_id}/cost-of-living,app/routes/student.py:1938:get_country_cost_of_living,Bearer JWT (access),roles:student,country_id,,,StudentScopedRepository / service calls keyed on authenticated student id,CountryCostOfLivingRead,Reviewed,
GET,/api/v1/student/catalog/currency-rates,app/routes/student.py:1951:list_currency_rates,Bearer JWT (access),roles:student,,,,StudentScopedRepository / service calls keyed on authenticated student id,list,Reviewed,
GET,/api/v1/student/catalog/guides,app/routes/student.py:1325:browse_country_guides,Bearer JWT (access),roles:student,,page;limit,,StudentScopedRepository / service calls keyed on authenticated student id,CountryGuideList,Reviewed,
GET,/api/v1/student/catalog/interview-types,app/routes/student.py:1683:list_interview_types,Bearer JWT (access),roles:student,,,,StudentScopedRepository / service calls keyed on authenticated student id,list,Reviewed,
GET,/api/v1/student/catalog/programs,app/routes/student.py:1309:browse_programs,Bearer JWT (access),roles:student,,page;limit;search;university_id;degree_level,,StudentScopedRepository / service calls keyed on authenticated student id,ProgramList,Reviewed,
GET,/api/v1/student/catalog/universities,app/routes/student.py:1296:browse_universities,Bearer JWT (access),roles:student,,page;limit;search;country_id,,StudentScopedRepository / service calls keyed on authenticated student id,UniversityList,Reviewed,
GET,/api/v1/student/me,app/routes/student.py:217:get_me,Bearer JWT (access),roles:student,,,,StudentScopedRepository / service calls keyed on authenticated student id,UserRead,Reviewed,
GET,/api/v1/student/me/access,app/routes/student.py:2019:get_my_portal_access,Bearer JWT (access),roles:student,,,,StudentScopedRepository / service calls keyed on authenticated student id,PortalAccessRead,Reviewed,
POST,/api/v1/student/me/access/checkout,app/routes/student.py:2035:checkout_my_portal_access,Bearer JWT (access),roles:student,,,payload:PortalAccessCheckout,StudentScopedRepository / service calls keyed on authenticated student id,PortalAccessRead,Reviewed,FAPI-SEC-001
GET,/api/v1/student/me/activity,app/routes/student.py:1965:list_my_activity,Bearer JWT (access),roles:student,,limit,,StudentScopedRepository / service calls keyed on authenticated student id,ActivityList,Reviewed,
GET,/api/v1/student/me/applications,app/routes/student.py:379:list_my_applications,Bearer JWT (access),roles:student,,page;limit,,StudentScopedRepository / service calls keyed on authenticated student id,StudentApplicationList,Reviewed,
POST,/api/v1/student/me/applications,app/routes/student.py:407:create_my_application,Bearer JWT (access),roles:student,,,payload:StudentApplicationCreate,StudentScopedRepository / service calls keyed on authenticated student id,StudentApplicationRead,Reviewed,FAPI-SEC-004
GET,/api/v1/student/me/applications/{application_id},app/routes/student.py:595:get_my_application,Bearer JWT (access),roles:student,application_id,,,StudentScopedRepository / service calls keyed on authenticated student id,StudentApplicationRead,Reviewed,
GET,/api/v1/student/me/applications/{application_id}/checklist,app/routes/student.py:632:get_my_application_checklist,Bearer JWT (access),roles:student,application_id,,,StudentScopedRepository / service calls keyed on authenticated student id,list,Reviewed,
GET,/api/v1/student/me/applications/{application_id}/documents,app/routes/student.py:861:list_my_application_documents,Bearer JWT (access),roles:student,application_id,,,StudentScopedRepository / service calls keyed on authenticated student id,DocumentList,Reviewed,
POST,/api/v1/student/me/applications/{application_id}/submit,app/routes/student.py:515:submit_my_application,Bearer JWT (access),roles:student,application_id,,,StudentScopedRepository / service calls keyed on authenticated student id,StudentApplicationRead,Reviewed,
GET,/api/v1/student/me/applications/{application_id}/timeline,app/routes/student.py:611:get_my_application_timeline,Bearer JWT (access),roles:student,application_id,,,StudentScopedRepository / service calls keyed on authenticated student id,list,Reviewed,
GET,/api/v1/student/me/apply-intent,app/routes/student.py:812:get_my_apply_intent,Bearer JWT (access),roles:student,,,,StudentScopedRepository / service calls keyed on authenticated student id,app.schemas.apply_intent.ApplyIntentRead | None,Reviewed,
POST,/api/v1/student/me/apply-intent/{intent_id}/claim,app/routes/student.py:831:claim_my_apply_intent,Bearer JWT (access),roles:student,intent_id,,,StudentScopedRepository / service calls keyed on authenticated student id,ApplyIntentRead,Reviewed,
GET,/api/v1/student/me/appointments,app/routes/student.py:1048:list_my_appointments,Bearer JWT (access),roles:student,,page;limit,,StudentScopedRepository / service calls keyed on authenticated student id,StudentAppointmentList,Reviewed,
POST,/api/v1/student/me/appointments/request,app/routes/student.py:1238:request_my_appointment,Bearer JWT (access),roles:student,,,payload:AppointmentRequestCreate,StudentScopedRepository / service calls keyed on authenticated student id,AppointmentRead,Reviewed,
GET,/api/v1/student/me/checklist,app/routes/student.py:1610:list_my_checklist,Bearer JWT (access),roles:student,,,,StudentScopedRepository / service calls keyed on authenticated student id,ChecklistRead,Reviewed,
POST,/api/v1/student/me/checklist,app/routes/student.py:1621:create_my_checklist_item,Bearer JWT (access),roles:student,,,payload:ChecklistItemCreate,StudentScopedRepository / service calls keyed on authenticated student id,ChecklistItemRead,Reviewed,
DELETE,/api/v1/student/me/checklist/{item_id},app/routes/student.py:1669:delete_my_checklist_item,Bearer JWT (access),roles:student,item_id,,,StudentScopedRepository / service calls keyed on authenticated student id,dict,Reviewed,
PATCH,/api/v1/student/me/checklist/{item_id},app/routes/student.py:1633:update_my_checklist_item,Bearer JWT (access),roles:student,item_id,,payload:ChecklistItemUpdate,StudentScopedRepository / service calls keyed on authenticated student id,ChecklistItemRead,Reviewed,
GET,/api/v1/student/me/compare,app/routes/student.py:1485:list_compare_courses,Bearer JWT (access),roles:student,,,,StudentScopedRepository / service calls keyed on authenticated student id,CompareCourseList,Reviewed,
POST,/api/v1/student/me/compare,app/routes/student.py:1501:add_compare_course,Bearer JWT (access),roles:student,,,payload:SaveItemRequest,StudentScopedRepository / service calls keyed on authenticated student id,SavedCourseRead,Reviewed,
DELETE,/api/v1/student/me/compare/{program_id},app/routes/student.py:1530:remove_compare_course,Bearer JWT (access),roles:student,program_id,,,StudentScopedRepository / service calls keyed on authenticated student id,dict,Reviewed,
GET,/api/v1/student/me/dashboard,app/routes/student.py:2004:get_my_dashboard,Bearer JWT (access),roles:student,,,,StudentScopedRepository / service calls keyed on authenticated student id,DashboardRead,Reviewed,
GET,/api/v1/student/me/documents,app/routes/student.py:945:list_my_documents,Bearer JWT (access),roles:student,,page;limit,,StudentScopedRepository / service calls keyed on authenticated student id,StudentDocumentList,Reviewed,
DELETE,/api/v1/student/me/documents/{document_id},app/routes/student.py:1026:delete_my_document,Bearer JWT (access),roles:student,document_id,,,StudentScopedRepository / service calls keyed on authenticated student id,,Reviewed,
GET,/api/v1/student/me/documents/{document_id},app/routes/student.py:957:get_my_document,Bearer JWT (access),roles:student,document_id,,,StudentScopedRepository / service calls keyed on authenticated student id,StudentDocumentRead,Reviewed,
POST,/api/v1/student/me/documents/{document_id}/replace,app/routes/student.py:988:replace_my_document,Bearer JWT (access),roles:student,document_id,,file:UploadFile,StudentScopedRepository / service calls keyed on authenticated student id,StudentDocumentRead,Reviewed,FAPI-SEC-012
GET,/api/v1/student/me/explore/feed,app/routes/student.py:755:get_my_course_feed,Bearer JWT (access),roles:student,,,,StudentScopedRepository / service calls keyed on authenticated student id,CourseFeed,Reviewed,
GET,/api/v1/student/me/explore/similar/{program_id},app/routes/student.py:787:get_similar_courses,Bearer JWT (access),roles:student,program_id,,,StudentScopedRepository / service calls keyed on authenticated student id,list,Reviewed,
GET,/api/v1/student/me/finance/budget,app/routes/student.py:1890:get_my_budget,Bearer JWT (access),roles:student,,,,StudentScopedRepository / service calls keyed on authenticated student id,BudgetRead,Reviewed,
PUT,/api/v1/student/me/finance/budget,app/routes/student.py:1898:replace_my_budget,Bearer JWT (access),roles:student,,,payload:BudgetReplace,StudentScopedRepository / service calls keyed on authenticated student id,BudgetRead,Reviewed,
GET,/api/v1/student/me/finance/funding-sources,app/routes/student.py:1834:list_my_funding_sources,Bearer JWT (access),roles:student,,,,StudentScopedRepository / service calls keyed on authenticated student id,list,Reviewed,
POST,/api/v1/student/me/finance/funding-sources,app/routes/student.py:1842:create_my_funding_source,Bearer JWT (access),roles:student,,,payload:FundingSourceCreate,StudentScopedRepository / service calls keyed on authenticated student id,FundingSourceRead,Reviewed,
DELETE,/api/v1/student/me/finance/funding-sources/{source_id},app/routes/student.py:1872:delete_my_funding_source,Bearer JWT (access),roles:student,source_id,,,StudentScopedRepository / service calls keyed on authenticated student id,dict,Reviewed,
PATCH,/api/v1/student/me/finance/funding-sources/{source_id},app/routes/student.py:1852:update_my_funding_source,Bearer JWT (access),roles:student,source_id,,payload:FundingSourceUpdate,StudentScopedRepository / service calls keyed on authenticated student id,FundingSourceRead,Reviewed,
GET,/api/v1/student/me/finance/loan,app/routes/student.py:1882:get_my_loan,Bearer JWT (access),roles:student,,,,StudentScopedRepository / service calls keyed on authenticated student id,LoanRead,Reviewed,
GET,/api/v1/student/me/finance/savings,app/routes/student.py:1910:list_my_savings,Bearer JWT (access),roles:student,,,,StudentScopedRepository / service calls keyed on authenticated student id,list,Reviewed,
PUT,/api/v1/student/me/finance/savings/{kind},app/routes/student.py:1918:upsert_my_savings,Bearer JWT (access),roles:student,kind,,payload:SavingsGoalUpsert,StudentScopedRepository / service calls keyed on authenticated student id,SavingsGoalRead,Reviewed,
GET,/api/v1/student/me/interviews,app/routes/student.py:1691:list_my_interviews,Bearer JWT (access),roles:student,,,,StudentScopedRepository / service calls keyed on authenticated student id,InterviewSessionList,Reviewed,
POST,/api/v1/student/me/interviews,app/routes/student.py:1714:start_my_interview,Bearer JWT (access),roles:student,,,payload:InterviewSessionCreate,StudentScopedRepository / service calls keyed on authenticated student id,InterviewSessionRead,Reviewed,
GET,/api/v1/student/me/interviews/{session_id},app/routes/student.py:1724:get_my_interview,Bearer JWT (access),roles:student,session_id,,,StudentScopedRepository / service calls keyed on authenticated student id,InterviewSessionRead,Reviewed,
POST,/api/v1/student/me/interviews/{session_id}/answers,app/routes/student.py:1734:answer_my_interview_question,Bearer JWT (access),roles:student,session_id,,payload:InterviewAnswerCreate,StudentScopedRepository / service calls keyed on authenticated student id,InterviewAnswerRead,Reviewed,
POST,/api/v1/student/me/interviews/{session_id}/complete,app/routes/student.py:1745:complete_my_interview,Bearer JWT (access),roles:student,session_id,,,StudentScopedRepository / service calls keyed on authenticated student id,InterviewSessionRead,Reviewed,
GET,/api/v1/student/me/messages,app/routes/student.py:1171:list_my_messages,Bearer JWT (access),roles:student,,limit,,StudentScopedRepository / service calls keyed on authenticated student id,MessageList,Reviewed,
POST,/api/v1/student/me/messages,app/routes/student.py:1197:send_my_message,Bearer JWT (access),roles:student,,,payload:MessageCreate,StudentScopedRepository / service calls keyed on authenticated student id,MessageRead,Reviewed,
POST,/api/v1/student/me/messages/read-all,app/routes/student.py:1222:mark_all_my_messages_read,Bearer JWT (access),roles:student,,,,StudentScopedRepository / service calls keyed on authenticated student id,dict,Reviewed,
GET,/api/v1/student/me/milestones/unseen,app/routes/student.py:658:list_my_unseen_milestones,Bearer JWT (access),roles:student,,,,StudentScopedRepository / service calls keyed on authenticated student id,list,Reviewed,
POST,/api/v1/student/me/milestones/{milestone_id}/seen,app/routes/student.py:675:mark_milestone_seen,Bearer JWT (access),roles:student,milestone_id,,,StudentScopedRepository / service calls keyed on authenticated student id,dict,Reviewed,
GET,/api/v1/student/me/notifications,app/routes/student.py:1119:list_my_notifications,Bearer JWT (access),roles:student,,page;limit;is_read,,StudentScopedRepository / service calls keyed on authenticated student id,NotificationList,Reviewed,
POST,/api/v1/student/me/notifications/read-all,app/routes/student.py:1142:mark_all_my_notifications_read,Bearer JWT (access),roles:student,,,,StudentScopedRepository / service calls keyed on authenticated student id,dict,Reviewed,
GET,/api/v1/student/me/payments,app/routes/student.py:1106:list_my_payments,Bearer JWT (access),roles:student,,page;limit,,StudentScopedRepository / service calls keyed on authenticated student id,PaymentList,Reviewed,
GET,/api/v1/student/me/points,app/routes/student.py:1577:get_my_points,Bearer JWT (access),roles:student,,,,StudentScopedRepository / service calls keyed on authenticated student id,PointsRead,Reviewed,
GET,/api/v1/student/me/preferences,app/routes/student.py:1978:get_my_preferences,Bearer JWT (access),roles:student,,,,StudentScopedRepository / service calls keyed on authenticated student id,DashboardSettingsRead,Reviewed,
PATCH,/api/v1/student/me/preferences,app/routes/student.py:1986:update_my_preferences,Bearer JWT (access),roles:student,,,payload:DashboardSettingsUpdate,StudentScopedRepository / service calls keyed on authenticated student id,DashboardSettingsRead,Reviewed,
GET,/api/v1/student/me/profile,app/routes/student.py:222:get_my_profile,Bearer JWT (access),roles:student,,,,StudentScopedRepository / service calls keyed on authenticated student id,StudentProfileRead,Reviewed,
PATCH,/api/v1/student/me/profile,app/routes/student.py:248:update_my_profile,Bearer JWT (access),roles:student,,,payload:StudentProfileUpsert,StudentScopedRepository / service calls keyed on authenticated student id,StudentProfileRead,Reviewed,
GET,/api/v1/student/me/progress,app/routes/student.py:1552:get_my_progress,Bearer JWT (access),roles:student,,,,StudentScopedRepository / service calls keyed on authenticated student id,ProgressRead,Reviewed,
GET,/api/v1/student/me/research,app/routes/student.py:227:get_my_research,Bearer JWT (access),roles:student,,,,StudentScopedRepository / service calls keyed on authenticated student id,ResearchShortlist,Reviewed,
GET,/api/v1/student/me/saved/courses,app/routes/student.py:1385:list_saved_courses,Bearer JWT (access),roles:student,,,,StudentScopedRepository / service calls keyed on authenticated student id,SavedCourseList,Reviewed,
POST,/api/v1/student/me/saved/courses,app/routes/student.py:1397:save_course,Bearer JWT (access),roles:student,,,payload:SaveItemRequest,StudentScopedRepository / service calls keyed on authenticated student id,SavedCourseRead,Reviewed,
DELETE,/api/v1/student/me/saved/courses/{program_id},app/routes/student.py:1420:unsave_course,Bearer JWT (access),roles:student,program_id,,,StudentScopedRepository / service calls keyed on authenticated student id,dict,Reviewed,
GET,/api/v1/student/me/saved/universities,app/routes/student.py:1435:list_saved_universities,Bearer JWT (access),roles:student,,,,StudentScopedRepository / service calls keyed on authenticated student id,SavedUniversityList,Reviewed,
POST,/api/v1/student/me/saved/universities,app/routes/student.py:1449:save_university,Bearer JWT (access),roles:student,,,payload:SaveItemRequest,StudentScopedRepository / service calls keyed on authenticated student id,SavedUniversityRead,Reviewed,
DELETE,/api/v1/student/me/saved/universities/{university_id},app/routes/student.py:1470:unsave_university,Bearer JWT (access),roles:student,university_id,,,StudentScopedRepository / service calls keyed on authenticated student id,dict,Reviewed,
GET,/api/v1/student/me/tasks,app/routes/student.py:1076:list_my_tasks,Bearer JWT (access),roles:student,,page;limit,,StudentScopedRepository / service calls keyed on authenticated student id,TaskList,Reviewed,
PATCH,/api/v1/student/me/tasks/{task_id},app/routes/student.py:1086:complete_my_task,Bearer JWT (access),roles:student,task_id,,,StudentScopedRepository / service calls keyed on authenticated student id,TaskRead,Reviewed,
GET,/api/v1/student/me/threads,app/routes/student.py:701:list_my_threads,Bearer JWT (access),roles:student,,application_id,,StudentScopedRepository / service calls keyed on authenticated student id,list,Reviewed,
POST,/api/v1/student/me/threads,app/routes/student.py:717:create_my_thread,Bearer JWT (access),roles:student,,,payload:StudentThreadCreate,StudentScopedRepository / service calls keyed on authenticated student id,ThreadDetail,Reviewed,FAPI-SEC-004
GET,/api/v1/student/me/visa,app/routes/student.py:1762:get_my_visa_case,Bearer JWT (access),roles:student,,,,StudentScopedRepository / service calls keyed on authenticated student id,VisaCaseRead,Reviewed,
POST,/api/v1/student/me/visa/appointments/{appointment_id}/book,app/routes/student.py:1770:book_my_visa_appointment,Bearer JWT (access),roles:student,appointment_id,,payload:VisaAppointmentBook,StudentScopedRepository / service calls keyed on authenticated student id,VisaAppointmentRead,Reviewed,
POST,/api/v1/student/me/visa/appointments/{appointment_id}/cancel,app/routes/student.py:1785:cancel_my_visa_appointment,Bearer JWT (access),roles:student,appointment_id,,,StudentScopedRepository / service calls keyed on authenticated student id,VisaAppointmentRead,Reviewed,
PATCH,/api/v1/student/me/visa/departure-checklist/{item_id},app/routes/student.py:1810:update_my_departure_checklist_item,Bearer JWT (access),roles:student,item_id,,payload:DepartureChecklistItemUpdate,StudentScopedRepository / service calls keyed on authenticated student id,DepartureChecklistItemRead,Reviewed,
PATCH,/api/v1/student/me/visa/fees/{fee_id},app/routes/student.py:1799:update_my_visa_fee,Bearer JWT (access),roles:student,fee_id,,payload:VisaFeeUpdate,StudentScopedRepository / service calls keyed on authenticated student id,VisaFeeRead,Reviewed,
GET,/api/v1/students/{student_id}/priority-tasks,app/routes/priority_tasks.py:64:list_priority_tasks,Bearer JWT (access),"roles:admin,admissions,counsellor",student_id,,,Staff only (admin/counsellor/admissions),list,Reviewed,
POST,/api/v1/students/{student_id}/priority-tasks,app/routes/priority_tasks.py:75:create_priority_task,Bearer JWT (access),"roles:admin,admissions,counsellor",student_id,,payload:PriorityTaskCreate,Staff only (admin/counsellor/admissions),PriorityTaskRead,Reviewed,
DELETE,/api/v1/students/{student_id}/priority-tasks/{item_id},app/routes/priority_tasks.py:131:delete_priority_task,Bearer JWT (access),"roles:admin,admissions,counsellor",student_id;item_id,,,Staff only (admin/counsellor/admissions),dict,Reviewed,
PATCH,/api/v1/students/{student_id}/priority-tasks/{item_id},app/routes/priority_tasks.py:109:update_priority_task,Bearer JWT (access),"roles:admin,admissions,counsellor",student_id;item_id,,payload:PriorityTaskUpdate,Staff only (admin/counsellor/admissions),PriorityTaskRead,Reviewed,
GET,/api/v1/tasks,app/routes/task.py:21:list_tasks,Bearer JWT (access),staff,,page;limit;assigned_to;assigned_by;student_id;lead_id;application_id;status;priority;task_type;search,,Staff only,TaskList,Reviewed,
POST,/api/v1/tasks,app/routes/task.py:70:create_task,Bearer JWT (access),staff,,,payload:TaskCreate,Staff only,TaskRead,Reviewed,
DELETE,/api/v1/tasks/{task_id},app/routes/task.py:101:delete_task,Bearer JWT (access),roles:admin,task_id,,,Staff only,TaskRead,Reviewed,
GET,/api/v1/tasks/{task_id},app/routes/task.py:58:get_task,Bearer JWT (access),staff,task_id,,,Staff only,TaskRead,Reviewed,
PATCH,/api/v1/tasks/{task_id},app/routes/task.py:87:update_task,Bearer JWT (access),staff,task_id,,payload:TaskUpdate,Staff only,TaskRead,Reviewed,
GET,/api/v1/universities,app/routes/academic.py:131:list_universities,Bearer JWT (access),any authenticated user,,page;limit;search;country_id;is_active;is_partner,,Reference data; writes admin/marketing,UniversityList,Reviewed,
POST,/api/v1/universities,app/routes/academic.py:165:create_university,Bearer JWT (access),"roles:admin,marketing",,,payload:UniversityCreate,Reference data; writes admin/marketing,UniversityRead,Reviewed,
DELETE,/api/v1/universities/{university_id},app/routes/academic.py:187:delete_university,Bearer JWT (access),"roles:admin,marketing",university_id,,,Reference data; writes admin/marketing,UniversityRead,Reviewed,
GET,/api/v1/universities/{university_id},app/routes/academic.py:153:get_university,Bearer JWT (access),any authenticated user,university_id,,,Reference data; writes admin/marketing,UniversityRead,Reviewed,
PATCH,/api/v1/universities/{university_id},app/routes/academic.py:174:update_university,Bearer JWT (access),"roles:admin,marketing",university_id,,payload:UniversityUpdate,Reference data; writes admin/marketing,UniversityRead,Reviewed,
GET,/api/v1/university-routes,app/routes/catalogue.py:60:list_university_routes,Bearer JWT (access),any authenticated user,,page;limit;university_id;route_key;is_published,,Reference data; reads any authenticated user incl. unpublished; writes admin/marketing,UniversityRouteList,Reviewed,FAPI-SEC-008
POST,/api/v1/university-routes,app/routes/catalogue.py:88:create_university_route,Bearer JWT (access),"roles:admin,marketing",,,payload:UniversityRouteCreate,Reference data; reads any authenticated user incl. unpublished; writes admin/marketing,UniversityRouteRead,Reviewed,
DELETE,/api/v1/university-routes/{route_id},app/routes/catalogue.py:110:delete_university_route,Bearer JWT (access),"roles:admin,marketing",route_id,,,Reference data; reads any authenticated user incl. unpublished; writes admin/marketing,UniversityRouteRead,Reviewed,
GET,/api/v1/university-routes/{route_id},app/routes/catalogue.py:76:get_university_route,Bearer JWT (access),any authenticated user,route_id,,,Reference data; reads any authenticated user incl. unpublished; writes admin/marketing,UniversityRouteRead,Reviewed,FAPI-SEC-008
PATCH,/api/v1/university-routes/{route_id},app/routes/catalogue.py:97:update_university_route,Bearer JWT (access),"roles:admin,marketing",route_id,,payload:UniversityRouteUpdate,Reference data; reads any authenticated user incl. unpublished; writes admin/marketing,UniversityRouteRead,Reviewed,
GET,/api/v1/users,app/routes/users.py:49:list_users,Bearer JWT (access),"roles:admin,counsellor,manager",,page;limit;search;role;status;deleted,,can_manage_target rank check; counsellor limited to STUDENT targets; /me = self,UserList,Reviewed,
POST,/api/v1/users,app/routes/users.py:166:create_user,Bearer JWT (access),roles:admin,,,payload:UserCreate,can_manage_target rank check; counsellor limited to STUDENT targets; /me = self,UserRead,Reviewed,
PATCH,/api/v1/users/me,app/routes/users.py:83:update_my_profile,Bearer JWT (access),any authenticated user,,,payload:UserSelfUpdate,can_manage_target rank check; counsellor limited to STUDENT targets; /me = self,UserRead,Reviewed,FAPI-SEC-009
POST,/api/v1/users/me/avatar,app/routes/users.py:93:upload_my_avatar,Bearer JWT (access),any authenticated user,,,file:UploadFile,can_manage_target rank check; counsellor limited to STUDENT targets; /me = self,UserRead,Reviewed,FAPI-SEC-012
GET,/api/v1/users/staff-directory,app/routes/users.py:105:list_staff_directory,Bearer JWT (access),any authenticated user,,search;role;user_id;limit,,can_manage_target rank check; counsellor limited to STUDENT targets; /me = self,StaffDirectoryList,Reviewed,
DELETE,/api/v1/users/{user_id},app/routes/users.py:315:delete_user,Bearer JWT (access),roles:admin,user_id,,,can_manage_target rank check; counsellor limited to STUDENT targets; /me = self,UserRead,Reviewed,
GET,/api/v1/users/{user_id},app/routes/users.py:137:get_user,Bearer JWT (access),"roles:admin,counsellor,manager",user_id,include_deleted,,can_manage_target rank check; counsellor limited to STUDENT targets; /me = self,UserRead,Reviewed,
PATCH,/api/v1/users/{user_id},app/routes/users.py:199:update_user,Bearer JWT (access),"roles:admin,counsellor",user_id,,payload:UserUpdate,can_manage_target rank check; counsellor limited to STUDENT targets; /me = self,UserRead,Reviewed,
POST,/api/v1/users/{user_id}/avatar,app/routes/users.py:373:upload_user_avatar,Bearer JWT (access),"roles:admin,counsellor",user_id,,file:UploadFile,can_manage_target rank check; counsellor limited to STUDENT targets; /me = self,UserRead,Reviewed,FAPI-SEC-012
GET,/api/v1/users/{user_id}/education,app/routes/student_profile.py:146:list_education_history,Bearer JWT (access),any authenticated user,user_id,,,Owner or ADMIN/SUPER_ADMIN/COUNSELLOR (no counsellor assignment scoping),list,Reviewed,
POST,/api/v1/users/{user_id}/education,app/routes/student_profile.py:161:add_education_history,Bearer JWT (access),any authenticated user,user_id,,payload:StudentEducationHistoryUpsert,Owner or ADMIN/SUPER_ADMIN/COUNSELLOR (no counsellor assignment scoping),StudentEducationHistoryRead,Reviewed,
DELETE,/api/v1/users/{user_id}/education/{entry_id},app/routes/student_profile.py:197:delete_education_history,Bearer JWT (access),any authenticated user,user_id;entry_id,,,Owner or ADMIN/SUPER_ADMIN/COUNSELLOR (no counsellor assignment scoping),dict,Reviewed,
PATCH,/api/v1/users/{user_id}/education/{entry_id},app/routes/student_profile.py:177:update_education_history,Bearer JWT (access),any authenticated user,user_id;entry_id,,payload:StudentEducationHistoryUpsert,Owner or ADMIN/SUPER_ADMIN/COUNSELLOR (no counsellor assignment scoping),StudentEducationHistoryRead,Reviewed,
GET,/api/v1/users/{user_id}/employee-profile,app/routes/employee_profile.py:29:get_employee_profile,Bearer JWT (access),any authenticated user,user_id,,,Owner or ADMIN/SUPER_ADMIN/MANAGER,EmployeeProfileRead,Reviewed,
PATCH,/api/v1/users/{user_id}/employee-profile,app/routes/employee_profile.py:42:upsert_employee_profile,Bearer JWT (access),"roles:admin,manager",user_id,,payload:EmployeeProfileUpsert,Owner or ADMIN/SUPER_ADMIN/MANAGER,EmployeeProfileRead,Reviewed,
GET,/api/v1/users/{user_id}/employee-profile/timeline,app/routes/employee_profile.py:63:get_employee_profile_timeline,Bearer JWT (access),any authenticated user,user_id,,,Owner or ADMIN/SUPER_ADMIN/MANAGER,list,Reviewed,
POST,/api/v1/users/{user_id}/enable-portal,app/routes/users.py:275:enable_student_portal,Bearer JWT (access),"roles:admin,counsellor",user_id,,,can_manage_target rank check; counsellor limited to STUDENT targets; /me = self,ResetPasswordResponse,Reviewed,
GET,/api/v1/users/{user_id}/experience,app/routes/student_profile.py:215:list_work_experience,Bearer JWT (access),any authenticated user,user_id,,,Owner or ADMIN/SUPER_ADMIN/COUNSELLOR (no counsellor assignment scoping),list,Reviewed,
POST,/api/v1/users/{user_id}/experience,app/routes/student_profile.py:230:add_work_experience,Bearer JWT (access),any authenticated user,user_id,,payload:StudentWorkExperienceUpsert,Owner or ADMIN/SUPER_ADMIN/COUNSELLOR (no counsellor assignment scoping),StudentWorkExperienceRead,Reviewed,
DELETE,/api/v1/users/{user_id}/experience/{entry_id},app/routes/student_profile.py:266:delete_work_experience,Bearer JWT (access),any authenticated user,user_id;entry_id,,,Owner or ADMIN/SUPER_ADMIN/COUNSELLOR (no counsellor assignment scoping),dict,Reviewed,
PATCH,/api/v1/users/{user_id}/experience/{entry_id},app/routes/student_profile.py:246:update_work_experience,Bearer JWT (access),any authenticated user,user_id;entry_id,,payload:StudentWorkExperienceUpsert,Owner or ADMIN/SUPER_ADMIN/COUNSELLOR (no counsellor assignment scoping),StudentWorkExperienceRead,Reviewed,
GET,/api/v1/users/{user_id}/payslips,app/routes/payroll.py:225:get_employee_payslip_history,Bearer JWT (access),"roles:admin,admissions,counsellor,finance,frontdesk,manager,marketing,staff,super_admin,support",user_id,,,Self (payslips) or VIEW_ROLES,PayslipList,Reviewed,
GET,/api/v1/users/{user_id}/research,app/routes/student_profile.py:92:get_research_shortlist,Bearer JWT (access),any authenticated user,user_id,,,Owner or ADMIN/SUPER_ADMIN/COUNSELLOR (no counsellor assignment scoping),ResearchShortlist,Reviewed,
POST,/api/v1/users/{user_id}/reset-password,app/routes/users.py:246:reset_password,Bearer JWT (access),roles:admin,user_id,,payload:ResetPasswordRequest,can_manage_target rank check; counsellor limited to STUDENT targets; /me = self,ResetPasswordResponse,Reviewed,
POST,/api/v1/users/{user_id}/restore,app/routes/users.py:345:restore_user,Bearer JWT (access),roles:admin,user_id,,,can_manage_target rank check; counsellor limited to STUDENT targets; /me = self,UserRead,Reviewed,
GET,/api/v1/users/{user_id}/shortlist,app/routes/student_profile.py:118:get_portal_shortlist,Bearer JWT (access),any authenticated user,user_id,,,Owner or ADMIN/SUPER_ADMIN/COUNSELLOR (no counsellor assignment scoping),StudentShortlist,Reviewed,
GET,/api/v1/users/{user_id}/student-profile,app/routes/student_profile.py:63:get_student_profile,Bearer JWT (access),any authenticated user,user_id,,,Owner or ADMIN/SUPER_ADMIN/COUNSELLOR (no counsellor assignment scoping),StudentProfileRead,Reviewed,
PATCH,/api/v1/users/{user_id}/student-profile,app/routes/student_profile.py:73:upsert_student_profile,Bearer JWT (access),any authenticated user,user_id,,payload:StudentProfileUpsert,Owner or ADMIN/SUPER_ADMIN/COUNSELLOR (no counsellor assignment scoping),StudentProfileRead,Reviewed,
GET,/api/v1/workflow-steps,app/routes/workflow.py:314:list_workflow_steps,Bearer JWT (access),"roles:admin,counsellor,super_admin",,page;limit;stage_id;status;template_id;assigned_to;application_id,,Student: own application; staff roles: any application; child step ids NOT bound to application,WorkflowStepList,Reviewed,
GET,/api/v1/workflow-templates,app/routes/workflow.py:95:list_workflow_templates,Bearer JWT (access),any authenticated user,,page;limit;search;country_id;is_active,,Student: own application; staff roles: any application; child step ids NOT bound to application,WorkflowTemplateList,Reviewed,
POST,/api/v1/workflow-templates,app/routes/workflow.py:126:create_workflow_template,Bearer JWT (access),"roles:admin,super_admin",,,payload:WorkflowTemplateCreate,Student: own application; staff roles: any application; child step ids NOT bound to application,WorkflowTemplateRead,Reviewed,
DELETE,/api/v1/workflow-templates/{template_id},app/routes/workflow.py:153:delete_workflow_template,Bearer JWT (access),"roles:admin,super_admin",template_id,,,Student: own application; staff roles: any application; child step ids NOT bound to application,WorkflowTemplateRead,Reviewed,
GET,/api/v1/workflow-templates/{template_id},app/routes/workflow.py:110:get_workflow_template,Bearer JWT (access),any authenticated user,template_id,,,Student: own application; staff roles: any application; child step ids NOT bound to application,WorkflowTemplateDetailRead,Reviewed,
PATCH,/api/v1/workflow-templates/{template_id},app/routes/workflow.py:137:update_workflow_template,Bearer JWT (access),"roles:admin,super_admin",template_id,,payload:WorkflowTemplateUpdate,Student: own application; staff roles: any application; child step ids NOT bound to application,WorkflowTemplateRead,Reviewed,
POST,/api/v1/workflow-templates/{template_id}/duplicate,app/routes/workflow.py:168:duplicate_workflow_template,Bearer JWT (access),"roles:admin,super_admin",template_id,,,Student: own application; staff roles: any application; child step ids NOT bound to application,WorkflowTemplateDetailRead,Reviewed,
POST,/api/v1/workflow-templates/{template_id}/stages,app/routes/workflow.py:191:create_workflow_stage,Bearer JWT (access),"roles:admin,super_admin",template_id,,payload:WorkflowStageCreate,Student: own application; staff roles: any application; child step ids NOT bound to application,WorkflowStageRead,Reviewed,
POST,/api/v1/workflow-templates/{template_id}/stages/reorder,app/routes/workflow.py:202:reorder_workflow_stages,Bearer JWT (access),"roles:admin,super_admin",template_id,,payload:ReorderStagesRequest,Student: own application; staff roles: any application; child step ids NOT bound to application,list,Reviewed,
DELETE,/api/v1/workflow-templates/{template_id}/stages/{stage_id},app/routes/workflow.py:235:delete_workflow_stage,Bearer JWT (access),"roles:admin,super_admin",template_id;stage_id,,,Student: own application; staff roles: any application; child step ids NOT bound to application,WorkflowStageRead,Reviewed,
PATCH,/api/v1/workflow-templates/{template_id}/stages/{stage_id},app/routes/workflow.py:217:update_workflow_stage,Bearer JWT (access),"roles:admin,super_admin",template_id;stage_id,,payload:WorkflowStageUpdate,Student: own application; staff roles: any application; child step ids NOT bound to application,WorkflowStageRead,Reviewed,
POST,/api/v1/workflow-templates/{template_id}/stages/{stage_id}/requirements,app/routes/workflow.py:252:create_stage_requirement,Bearer JWT (access),"roles:admin,super_admin",template_id;stage_id,,payload:WorkflowStageDocumentRequirementCreate,Student: own application; staff roles: any application; child step ids NOT bound to application,WorkflowStageDocumentRequirementRead,Reviewed,
DELETE,/api/v1/workflow-templates/{template_id}/stages/{stage_id}/requirements/{requirement_id},app/routes/workflow.py:293:delete_stage_requirement,Bearer JWT (access),"roles:admin,super_admin",template_id;stage_id;requirement_id,,,Student: own application; staff roles: any application; child step ids NOT bound to application,WorkflowStageDocumentRequirementRead,Reviewed,
PATCH,/api/v1/workflow-templates/{template_id}/stages/{stage_id}/requirements/{requirement_id},app/routes/workflow.py:272:update_stage_requirement,Bearer JWT (access),"roles:admin,super_admin",template_id;stage_id;requirement_id,,payload:WorkflowStageDocumentRequirementUpdate,Student: own application; staff roles: any application; child step ids NOT bound to application,WorkflowStageDocumentRequirementRead,Reviewed,
